SITE,TYPE,DATE,NIGHT,PASSES,FEEDINGBUZZ,SOCIALCALL,Historical_Sites,HEIGHT,AREA,GREEN_AREA,SITE_VEGETATION_COVER,AVE_TEMP,Precipitation,GREEN_COVERAGE_100,GREEN_COVERAGE_150,GREEN_COVERAGE_200,BLUE_COVERAGE_100,BLUE_COVERAGE_150,BLUE_COVERAGE_200,Mean_50,SD_50,Max_50,Mean_100,SD_100,Max_100,Mean_150,SD_150,Max_150,Mean_200,SD_200,Max_200
100Liverpool,Extensive,2024/6/25,15,0,0,0,0,50,2334,397,17.01,21.42,0,1.16,0.91,1.99,0,0,0.18,25.825543,21.889454,65.97435,26.342593,21.958862,74.7071,22.844522,19.921743,74.7071,21.449465,19.938639,96.83301
100Liverpool,Extensive,2024/6/26,16,0,0,0,0,50,2334,397,17.01,23.12,0,1.16,0.91,1.99,0,0,0.18,25.825543,21.889454,65.97435,26.342593,21.958862,74.7071,22.844522,19.921743,74.7071,21.449465,19.938639,96.83301
100Liverpool,Extensive,2024/6/27,17,0,0,0,0,50,2334,397,17.01,16.64,0,1.16,0.91,1.99,0,0,0.18,25.825543,21.889454,65.97435,26.342593,21.958862,74.7071,22.844522,19.921743,74.7071,21.449465,19.938639,96.83301
100Liverpool,Extensive,2024/6/28,18,0,0,0,0,50,2334,397,17.01,16.4,0,1.16,0.91,1.99,0,0,0.18,25.825543,21.889454,65.97435,26.342593,21.958862,74.7071,22.844522,19.921743,74.7071,21.449465,19.938639,96.83301
100Liverpool,Extensive,2024/6/29,19,0,0,0,0,50,2334,397,17.01,20.27,0,1.16,0.91,1.99,0,0,0.18,25.825543,21.889454,65.97435,26.342593,21.958862,74.7071,22.844522,19.921743,74.7071,21.449465,19.938639,96.83301
100Liverpool,Extensive,2024/6/30,20,0,0,0,0,50,2334,397,17.01,15.97,0,1.16,0.91,1.99,0,0,0.18,25.825543,21.889454,65.97435,26.342593,21.958862,74.7071,22.844522,19.921743,74.7071,21.449465,19.938639,96.83301
100Liverpool,Extensive,2024/7/1,21,0,0,0,0,50,2334,397,17.01,16.95,0,1.16,0.91,1.99,0,0,0.18,25.825543,21.889454,65.97435,26.342593,21.958862,74.7071,22.844522,19.921743,74.7071,21.449465,19.938639,96.83301
110FetterLn,Intensive,2024/6/18,8,1,0,0,0,30,2621,193,7.36,16.45,0,6.9,6.85,5.34,0,0.02,0.03,18.01884,13.575732,36.984,16.486859,13.508864,59.669,17.476724,15.843295,77.68801,16.362233,14.614142,77.68801
110FetterLn,Intensive,2024/6/19,9,0,0,0,0,30,2621,193,7.36,13.65,0,6.9,6.85,5.34,0,0.02,0.03,18.01884,13.575732,36.984,16.486859,13.508864,59.669,17.476724,15.843295,77.68801,16.362233,14.614142,77.68801
110FetterLn,Intensive,2024/6/20,10,0,0,0,0,30,2621,193,7.36,16,0,6.9,6.85,5.34,0,0.02,0.03,18.01884,13.575732,36.984,16.486859,13.508864,59.669,17.476724,15.843295,77.68801,16.362233,14.614142,77.68801
110FetterLn,Intensive,2024/6/21,11,0,0,0,0,30,2621,193,7.36,17.03,0,6.9,6.85,5.34,0,0.02,0.03,18.01884,13.575732,36.984,16.486859,13.508864,59.669,17.476724,15.843295,77.68801,16.362233,14.614142,77.68801
110FetterLn,Intensive,2024/6/22,12,1,0,0,0,30,2621,193,7.36,17.64,0,6.9,6.85,5.34,0,0.02,0.03,18.01884,13.575732,36.984,16.486859,13.508864,59.669,17.476724,15.843295,77.68801,16.362233,14.614142,77.68801
110FetterLn,Intensive,2024/6/23,13,0,0,0,0,30,2621,193,7.36,20.61,0,6.9,6.85,5.34,0,0.02,0.03,18.01884,13.575732,36.984,16.486859,13.508864,59.669,17.476724,15.843295,77.68801,16.362233,14.614142,77.68801
110FetterLn,Intensive,2024/6/24,14,0,0,0,0,30,2621,193,7.36,20.86,0,6.9,6.85,5.34,0,0.02,0.03,18.01884,13.575732,36.984,16.486859,13.508864,59.669,17.476724,15.843295,77.68801,16.362233,14.614142,77.68801
120Fenchurch,Intensive,2024/6/12,2,0,0,0,0,65,2942,581,19.75,13.44,0,1.59,1.35,1.12,0,0,0,35.46314,30.679609,124.558,24.680118,31.527944,186.19201,21.97727,27.145057,186.19201,21.525155,25.036148,223.65701
120Fenchurch,Intensive,2024/6/13,3,0,0,0,0,65,2942,581,19.75,12.86,0.5,1.59,1.35,1.12,0,0,0,35.46314,30.679609,124.558,24.680118,31.527944,186.19201,21.97727,27.145057,186.19201,21.525155,25.036148,223.65701
120Fenchurch,Intensive,2024/6/16,6,0,0,0,0,65,2942,581,19.75,14.64,0,1.59,1.35,1.12,0,0,0,35.46314,30.679609,124.558,24.680118,31.527944,186.19201,21.97727,27.145057,186.19201,21.525155,25.036148,223.65701
120Fenchurch,Intensive,2024/6/17,7,0,0,0,0,65,2942,581,19.75,17.69,0,1.59,1.35,1.12,0,0,0,35.46314,30.679609,124.558,24.680118,31.527944,186.19201,21.97727,27.145057,186.19201,21.525155,25.036148,223.65701
120Fenchurch,Intensive,2024/6/14,4,0,0,0,0,65,2942,581,19.75,12.8,1.63,1.59,1.35,1.12,0,0,0,35.46314,30.679609,124.558,24.680118,31.527944,186.19201,21.97727,27.145057,186.19201,21.525155,25.036148,223.65701
120Fenchurch,Intensive,2024/6/15,5,0,0,0,0,65,2942,581,19.75,13.29,0.01,1.59,1.35,1.12,0,0,0,35.46314,30.679609,124.558,24.680118,31.527944,186.19201,21.97727,27.145057,186.19201,21.525155,25.036148,223.65701
120Fenchurch,Intensive,2024/6/11,1,0,0,0,0,65,2942,581,19.75,11.66,0,1.59,1.35,1.12,0,0,0,35.46314,30.679609,124.558,24.680118,31.527944,186.19201,21.97727,27.145057,186.19201,21.525155,25.036148,223.65701
1WoodSt,Extensive,2024/7/2,22,0,0,0,0,35,2246,1476,65.72,16.5,0,4.34,3.88,5.06,0,0.16,0.09,22.632975,14.395888,38.335,21.730044,14.871268,51.328,19.558216,14.762058,51.328,17.579156,14.32922,51.328
1WoodSt,Extensive,2024/7/3,23,0,0,0,0,35,2246,1476,65.72,16.98,0,4.34,3.88,5.06,0,0.16,0.09,22.632975,14.395888,38.335,21.730044,14.871268,51.328,19.558216,14.762058,51.328,17.579156,14.32922,51.328
1WoodSt,Extensive,2024/7/4,24,0,0,0,0,35,2246,1476,65.72,16.85,0,4.34,3.88,5.06,0,0.16,0.09,22.632975,14.395888,38.335,21.730044,14.871268,51.328,19.558216,14.762058,51.328,17.579156,14.32922,51.328
1WoodSt,Extensive,2024/7/5,25,0,0,0,0,35,2246,1476,65.72,16.62,11.9,4.34,3.88,5.06,0,0.16,0.09,22.632975,14.395888,38.335,21.730044,14.871268,51.328,19.558216,14.762058,51.328,17.579156,14.32922,51.328
1WoodSt,Extensive,2024/7/6,26,0,0,0,0,35,2246,1476,65.72,13.61,0,4.34,3.88,5.06,0,0.16,0.09,22.632975,14.395888,38.335,21.730044,14.871268,51.328,19.558216,14.762058,51.328,17.579156,14.32922,51.328
1WoodSt,Extensive,2024/7/7,27,0,0,0,0,35,2246,1476,65.72,14.12,0.1,4.34,3.88,5.06,0,0.16,0.09,22.632975,14.395888,38.335,21.730044,14.871268,51.328,19.558216,14.762058,51.328,17.579156,14.32922,51.328
1WoodSt,Extensive,2024/7/8,28,0,0,0,0,35,2246,1476,65.72,15.81,4.4,4.34,3.88,5.06,0,0.16,0.09,22.632975,14.395888,38.335,21.730044,14.871268,51.328,19.558216,14.762058,51.328,17.579156,14.32922,51.328
60LondonWall,Extensive,2024/6/18,8,0,0,0,0,50,2229,95,4.26,16.47,0,1.87,5.33,6.82,0,0,0,32.832235,18.388247,69.74701,23.485149,18.13444,69.74701,20.212627,18.260629,102.329,18.433111,16.823657,102.329
60LondonWall,Extensive,2024/6/19,9,0,0,0,0,50,2229,95,4.26,14.14,0,1.87,5.33,6.82,0,0,0,32.832235,18.388247,69.74701,23.485149,18.13444,69.74701,20.212627,18.260629,102.329,18.433111,16.823657,102.329
60LondonWall,Extensive,2024/6/20,10,0,0,0,0,50,2229,95,4.26,16.19,0,1.87,5.33,6.82,0,0,0,32.832235,18.388247,69.74701,23.485149,18.13444,69.74701,20.212627,18.260629,102.329,18.433111,16.823657,102.329
60LondonWall,Extensive,2024/6/21,11,0,0,0,0,50,2229,95,4.26,17.38,0,1.87,5.33,6.82,0,0,0,32.832235,18.388247,69.74701,23.485149,18.13444,69.74701,20.212627,18.260629,102.329,18.433111,16.823657,102.329
60LondonWall,Extensive,2024/6/22,12,0,0,0,0,50,2229,95,4.26,18.14,0,1.87,5.33,6.82,0,0,0,32.832235,18.388247,69.74701,23.485149,18.13444,69.74701,20.212627,18.260629,102.329,18.433111,16.823657,102.329
60LondonWall,Extensive,2024/6/23,13,0,0,0,0,50,2229,95,4.26,20.96,0,1.87,5.33,6.82,0,0,0,32.832235,18.388247,69.74701,23.485149,18.13444,69.74701,20.212627,18.260629,102.329,18.433111,16.823657,102.329
60LondonWall,Extensive,2024/6/24,14,0,0,0,0,50,2229,95,4.26,21.35,0,1.87,5.33,6.82,0,0,0,32.832235,18.388247,69.74701,23.485149,18.13444,69.74701,20.212627,18.260629,102.329,18.433111,16.823657,102.329
79ChaterhouseSt,Conventional,2024/6/25,15,2,0,0,1,12,176,0,0,21.27,0,2.94,2.99,5.81,0,0,0,7.163794,6.869716,25.443,8.507532,7.146841,30.912,9.316207,7.784258,50.30143,9.860324,8.990199,72.26201
79ChaterhouseSt,Conventional,2024/6/26,16,0,0,0,1,12,176,0,0,23.47,0,2.94,2.99,5.81,0,0,0,7.163794,6.869716,25.443,8.507532,7.146841,30.912,9.316207,7.784258,50.30143,9.860324,8.990199,72.26201
79ChaterhouseSt,Conventional,2024/6/27,17,0,0,0,1,12,176,0,0,16.62,0,2.94,2.99,5.81,0,0,0,7.163794,6.869716,25.443,8.507532,7.146841,30.912,9.316207,7.784258,50.30143,9.860324,8.990199,72.26201
79ChaterhouseSt,Conventional,2024/6/28,18,0,0,0,1,12,176,0,0,16.5,0,2.94,2.99,5.81,0,0,0,7.163794,6.869716,25.443,8.507532,7.146841,30.912,9.316207,7.784258,50.30143,9.860324,8.990199,72.26201
79ChaterhouseSt,Conventional,2024/6/29,19,3,0,0,1,12,176,0,0,20.7,0,2.94,2.99,5.81,0,0,0,7.163794,6.869716,25.443,8.507532,7.146841,30.912,9.316207,7.784258,50.30143,9.860324,8.990199,72.26201
79ChaterhouseSt,Conventional,2024/6/30,20,0,0,0,1,12,176,0,0,16.83,0,2.94,2.99,5.81,0,0,0,7.163794,6.869716,25.443,8.507532,7.146841,30.912,9.316207,7.784258,50.30143,9.860324,8.990199,72.26201
79ChaterhouseSt,Conventional,2024/7/1,21,0,0,0,1,12,176,0,0,17.77,0,2.94,2.99,5.81,0,0,0,7.163794,6.869716,25.443,8.507532,7.146841,30.912,9.316207,7.784258,50.30143,9.860324,8.990199,72.26201
BarberSurgeons,Garden,2024/6/25,15,121,20,10,1,0,3430,3220,93.88,22.45,0,15.81,13.14,15.25,6.52,4.64,5.48,10.777651,18.759886,75.279,12.317434,19.941614,86.58,15.494503,22.090519,86.58,15.910528,21.438072,94.818
BarberSurgeons,Garden,2024/6/26,16,88,15,8,1,0,3430,3220,93.88,24.17,0,15.81,13.14,15.25,6.52,4.64,5.48,10.777651,18.759886,75.279,12.317434,19.941614,86.58,15.494503,22.090519,86.58,15.910528,21.438072,94.818
BarberSurgeons,Garden,2024/6/27,17,36,4,0,1,0,3430,3220,93.88,17.68,0,15.81,13.14,15.25,6.52,4.64,5.48,10.777651,18.759886,75.279,12.317434,19.941614,86.58,15.494503,22.090519,86.58,15.910528,21.438072,94.818
BarberSurgeons,Garden,2024/6/28,18,48,5,0,1,0,3430,3220,93.88,17.83,0,15.81,13.14,15.25,6.52,4.64,5.48,10.777651,18.759886,75.279,12.317434,19.941614,86.58,15.494503,22.090519,86.58,15.910528,21.438072,94.818
BarberSurgeons,Garden,2024/6/29,19,100,7,18,1,0,3430,3220,93.88,21.37,0,15.81,13.14,15.25,6.52,4.64,5.48,10.777651,18.759886,75.279,12.317434,19.941614,86.58,15.494503,22.090519,86.58,15.910528,21.438072,94.818
BarberSurgeons,Garden,2024/6/30,20,34,3,52,1,0,3430,3220,93.88,16.91,0,15.81,13.14,15.25,6.52,4.64,5.48,10.777651,18.759886,75.279,12.317434,19.941614,86.58,15.494503,22.090519,86.58,15.910528,21.438072,94.818
BarberSurgeons,Garden,2024/7/1,21,90,2,142,1,0,3430,3220,93.88,17.95,0,15.81,13.14,15.25,6.52,4.64,5.48,10.777651,18.759886,75.279,12.317434,19.941614,86.58,15.494503,22.090519,86.58,15.910528,21.438072,94.818
BirdBird,Extensive,2024/7/2,22,0,0,0,0,50,1142,750,65.67,17,0,4.31,4.14,4.46,0.09,0.04,0.02,25.942674,25.280668,77.68801,23.220787,20.848401,77.68801,20.740691,18.302311,77.68801,18.073104,17.08405,77.68801
BirdBird,Extensive,2024/7/3,23,0,0,0,0,50,1142,750,65.67,17.21,0,4.31,4.14,4.46,0.09,0.04,0.02,25.942674,25.280668,77.68801,23.220787,20.848401,77.68801,20.740691,18.302311,77.68801,18.073104,17.08405,77.68801
BirdBird,Extensive,2024/7/4,24,0,0,0,0,50,1142,750,65.67,17.21,0,4.31,4.14,4.46,0.09,0.04,0.02,25.942674,25.280668,77.68801,23.220787,20.848401,77.68801,20.740691,18.302311,77.68801,18.073104,17.08405,77.68801
BirdBird,Extensive,2024/7/5,25,0,0,0,0,50,1142,750,65.67,17.81,11.9,4.31,4.14,4.46,0.09,0.04,0.02,25.942674,25.280668,77.68801,23.220787,20.848401,77.68801,20.740691,18.302311,77.68801,18.073104,17.08405,77.68801
BirdBird,Extensive,2024/7/6,26,0,0,0,0,50,1142,750,65.67,14.26,0,4.31,4.14,4.46,0.09,0.04,0.02,25.942674,25.280668,77.68801,23.220787,20.848401,77.68801,20.740691,18.302311,77.68801,18.073104,17.08405,77.68801
BirdBird,Extensive,2024/7/7,27,0,0,0,0,50,1142,750,65.67,14.71,0.1,4.31,4.14,4.46,0.09,0.04,0.02,25.942674,25.280668,77.68801,23.220787,20.848401,77.68801,20.740691,18.302311,77.68801,18.073104,17.08405,77.68801
BirdBird,Extensive,2024/7/8,28,0,0,0,0,50,1142,750,65.67,16.3,4.4,4.31,4.14,4.46,0.09,0.04,0.02,25.942674,25.280668,77.68801,23.220787,20.848401,77.68801,20.740691,18.302311,77.68801,18.073104,17.08405,77.68801
CannonBridgeHouse,Intensive,2024/7/2,22,90,39,0,1,25,3775,1765,46.75,17.14,0,9.87,7.59,6.96,13.41,25.21,30.81,21.601073,9.87319,43.333,16.98159,14.35956,47.534,14.474687,15.544766,49.204,12.5785,15.339505,49.204
CannonBridgeHouse,Intensive,2024/7/3,23,96,15,0,1,25,3775,1765,46.75,17.77,0,9.87,7.59,6.96,13.41,25.21,30.81,21.601073,9.87319,43.333,16.98159,14.35956,47.534,14.474687,15.544766,49.204,12.5785,15.339505,49.204
CannonBridgeHouse,Intensive,2024/7/4,24,0,0,0,1,25,3775,1765,46.75,16.88,0,9.87,7.59,6.96,13.41,25.21,30.81,21.601073,9.87319,43.333,16.98159,14.35956,47.534,14.474687,15.544766,49.204,12.5785,15.339505,49.204
CannonBridgeHouse,Intensive,2024/7/5,25,8,0,0,1,25,3775,1765,46.75,16.58,11.9,9.87,7.59,6.96,13.41,25.21,30.81,21.601073,9.87319,43.333,16.98159,14.35956,47.534,14.474687,15.544766,49.204,12.5785,15.339505,49.204
CannonBridgeHouse,Intensive,2024/7/6,26,0,0,0,1,25,3775,1765,46.75,14.6,0,9.87,7.59,6.96,13.41,25.21,30.81,21.601073,9.87319,43.333,16.98159,14.35956,47.534,14.474687,15.544766,49.204,12.5785,15.339505,49.204
CannonBridgeHouse,Intensive,2024/7/7,27,73,12,0,1,25,3775,1765,46.75,14.99,0.1,9.87,7.59,6.96,13.41,25.21,30.81,21.601073,9.87319,43.333,16.98159,14.35956,47.534,14.474687,15.544766,49.204,12.5785,15.339505,49.204
CannonBridgeHouse,Intensive,2024/7/8,28,34,13,0,1,25,3775,1765,46.75,16.21,4.4,9.87,7.59,6.96,13.41,25.21,30.81,21.601073,9.87319,43.333,16.98159,14.35956,47.534,14.474687,15.544766,49.204,12.5785,15.339505,49.204
ClearyGarden,Garden,2024/7/2,22,66,61,0,0,0,1865,1097,58.82,17.87,0,8.37,5.34,5.18,0,1.08,5.18,10.009936,10.485675,27.961,11.040001,10.614789,27.961,11.891106,10.634839,37.375,11.497182,10.621986,39.505
ClearyGarden,Garden,2024/7/3,23,49,38,0,0,0,1865,1097,58.82,18.17,0,8.37,5.34,5.18,0,1.08,5.18,10.009936,10.485675,27.961,11.040001,10.614789,27.961,11.891106,10.634839,37.375,11.497182,10.621986,39.505
ClearyGarden,Garden,2024/7/4,24,47,26,0,0,0,1865,1097,58.82,17.85,0,8.37,5.34,5.18,0,1.08,5.18,10.009936,10.485675,27.961,11.040001,10.614789,27.961,11.891106,10.634839,37.375,11.497182,10.621986,39.505
ClearyGarden,Garden,2024/7/5,25,6,1,0,0,0,1865,1097,58.82,18.8,11.9,8.37,5.34,5.18,0,1.08,5.18,10.009936,10.485675,27.961,11.040001,10.614789,27.961,11.891106,10.634839,37.375,11.497182,10.621986,39.505
ClearyGarden,Garden,2024/7/6,26,60,72,0,0,0,1865,1097,58.82,15.25,0,8.37,5.34,5.18,0,1.08,5.18,10.009936,10.485675,27.961,11.040001,10.614789,27.961,11.891106,10.634839,37.375,11.497182,10.621986,39.505
ClearyGarden,Garden,2024/7/7,27,36,31,0,0,0,1865,1097,58.82,15.64,0.1,8.37,5.34,5.18,0,1.08,5.18,10.009936,10.485675,27.961,11.040001,10.614789,27.961,11.891106,10.634839,37.375,11.497182,10.621986,39.505
ClearyGarden,Garden,2024/7/8,28,5,0,0,0,0,1865,1097,58.82,18.21,4.4,8.37,5.34,5.18,0,1.08,5.18,10.009936,10.485675,27.961,11.040001,10.614789,27.961,11.891106,10.634839,37.375,11.497182,10.621986,39.505
Greyfriar,Garden,2024/6/18,8,85,42,0,0,0,3499,2239,63.99,18.21,0,10.15,6.79,8.36,0,0,0.05,7.517319,11.848362,35.608,16.926167,14.811683,52.34461,18.415268,15.357501,52.34461,16.38805,14.860191,64.07501
Greyfriar,Garden,2024/6/19,9,2,0,0,0,0,3499,2239,63.99,15.76,0,10.15,6.79,8.36,0,0,0.05,7.517319,11.848362,35.608,16.926167,14.811683,52.34461,18.415268,15.357501,52.34461,16.38805,14.860191,64.07501
Greyfriar,Garden,2024/6/20,10,20,4,0,0,0,3499,2239,63.99,18.04,0,10.15,6.79,8.36,0,0,0.05,7.517319,11.848362,35.608,16.926167,14.811683,52.34461,18.415268,15.357501,52.34461,16.38805,14.860191,64.07501
Greyfriar,Garden,2024/6/21,11,6,0,0,0,0,3499,2239,63.99,18.37,0,10.15,6.79,8.36,0,0,0.05,7.517319,11.848362,35.608,16.926167,14.811683,52.34461,18.415268,15.357501,52.34461,16.38805,14.860191,64.07501
Greyfriar,Garden,2024/6/22,12,28,2,7,0,0,3499,2239,63.99,18.75,0,10.15,6.79,8.36,0,0,0.05,7.517319,11.848362,35.608,16.926167,14.811683,52.34461,18.415268,15.357501,52.34461,16.38805,14.860191,64.07501
Greyfriar,Garden,2024/6/23,13,8,1,0,0,0,3499,2239,63.99,21.7,0,10.15,6.79,8.36,0,0,0.05,7.517319,11.848362,35.608,16.926167,14.811683,52.34461,18.415268,15.357501,52.34461,16.38805,14.860191,64.07501
Greyfriar,Garden,2024/6/24,14,5,0,0,0,0,3499,2239,63.99,22.87,0,10.15,6.79,8.36,0,0,0.05,7.517319,11.848362,35.608,16.926167,14.811683,52.34461,18.415268,15.357501,52.34461,16.38805,14.860191,64.07501
Guildhall,Extensive,2024/6/11,1,0,0,0,1,7,2230,786,35.25,13.36,0,7.34,5.32,3.93,0.68,0.39,0.23,12.669233,10.38984,32.06713,12.62017,12.721619,42.903,17.698402,16.500486,76.69801,18.931168,17.956834,84.348
Guildhall,Extensive,2024/6/14,4,0,0,0,1,7,2230,786,35.25,14.59,1.63,7.34,5.32,3.93,0.68,0.39,0.23,12.669233,10.38984,32.06713,12.62017,12.721619,42.903,17.698402,16.500486,76.69801,18.931168,17.956834,84.348
Guildhall,Extensive,2024/6/15,5,0,0,0,1,7,2230,786,35.25,14.92,0.01,7.34,5.32,3.93,0.68,0.39,0.23,12.669233,10.38984,32.06713,12.62017,12.721619,42.903,17.698402,16.500486,76.69801,18.931168,17.956834,84.348
Guildhall,Extensive,2024/6/12,2,2,0,0,1,7,2230,786,35.25,15.06,0,7.34,5.32,3.93,0.68,0.39,0.23,12.669233,10.38984,32.06713,12.62017,12.721619,42.903,17.698402,16.500486,76.69801,18.931168,17.956834,84.348
Guildhall,Extensive,2024/6/13,3,0,0,0,1,7,2230,786,35.25,14.24,0.5,7.34,5.32,3.93,0.68,0.39,0.23,12.669233,10.38984,32.06713,12.62017,12.721619,42.903,17.698402,16.500486,76.69801,18.931168,17.956834,84.348
Guildhall,Extensive,2024/6/16,6,0,0,0,1,7,2230,786,35.25,16.17,0,7.34,5.32,3.93,0.68,0.39,0.23,12.669233,10.38984,32.06713,12.62017,12.721619,42.903,17.698402,16.500486,76.69801,18.931168,17.956834,84.348
Guildhall,Extensive,2024/6/17,7,40,4,0,1,7,2230,786,35.25,19.37,0,7.34,5.32,3.93,0.68,0.39,0.23,12.669233,10.38984,32.06713,12.62017,12.721619,42.903,17.698402,16.500486,76.69801,18.931168,17.956834,84.348
InnerTemple,Garden,2024/7/2,22,236,9,23,1,0,14164,13364,94.35,16.9,0,58.88,36.88,26.44,4.36,16.51,24,5.2327,8.104672,33.945,5.562731,8.075116,33.945,5.892039,8.539203,33.945,6.342722,8.832278,59.202
InnerTemple,Garden,2024/7/3,23,827,71,296,1,0,14164,13364,94.35,17.83,0,58.88,36.88,26.44,4.36,16.51,24,5.2327,8.104672,33.945,5.562731,8.075116,33.945,5.892039,8.539203,33.945,6.342722,8.832278,59.202
InnerTemple,Garden,2024/7/4,24,677,36,78,1,0,14164,13364,94.35,17.2,0,58.88,36.88,26.44,4.36,16.51,24,5.2327,8.104672,33.945,5.562731,8.075116,33.945,5.892039,8.539203,33.945,6.342722,8.832278,59.202
InnerTemple,Garden,2024/7/5,25,240,5,15,1,0,14164,13364,94.35,17.36,11.9,58.88,36.88,26.44,4.36,16.51,24,5.2327,8.104672,33.945,5.562731,8.075116,33.945,5.892039,8.539203,33.945,6.342722,8.832278,59.202
InnerTemple,Garden,2024/7/6,26,468,18,49,1,0,14164,13364,94.35,14.57,0,58.88,36.88,26.44,4.36,16.51,24,5.2327,8.104672,33.945,5.562731,8.075116,33.945,5.892039,8.539203,33.945,6.342722,8.832278,59.202
InnerTemple,Garden,2024/7/7,27,504,13,84,1,0,14164,13364,94.35,15.1,0.1,58.88,36.88,26.44,4.36,16.51,24,5.2327,8.104672,33.945,5.562731,8.075116,33.945,5.892039,8.539203,33.945,6.342722,8.832278,59.202
InnerTemple,Garden,2024/7/8,28,149,3,3,1,0,14164,13364,94.35,16.51,4.4,58.88,36.88,26.44,4.36,16.51,24,5.2327,8.104672,33.945,5.562731,8.075116,33.945,5.892039,8.539203,33.945,6.342722,8.832278,59.202
MaughanLibrary,Conventional,2024/7/2,22,0,0,0,1,20,3400,0,0,17.19,0,11.07,6.54,5.09,0,0,0.02,13.189567,11.998391,46.396,15.321389,13.26579,51.776,15.70156,14.226753,76.628,15.172518,14.312675,77.68801
MaughanLibrary,Conventional,2024/7/3,23,1,0,0,1,20,3400,0,0,17.48,0,11.07,6.54,5.09,0,0,0.02,13.189567,11.998391,46.396,15.321389,13.26579,51.776,15.70156,14.226753,76.628,15.172518,14.312675,77.68801
MaughanLibrary,Conventional,2024/7/4,24,0,0,0,1,20,3400,0,0,17.13,0,11.07,6.54,5.09,0,0,0.02,13.189567,11.998391,46.396,15.321389,13.26579,51.776,15.70156,14.226753,76.628,15.172518,14.312675,77.68801
MaughanLibrary,Conventional,2024/7/5,25,0,0,0,1,20,3400,0,0,16.86,11.9,11.07,6.54,5.09,0,0,0.02,13.189567,11.998391,46.396,15.321389,13.26579,51.776,15.70156,14.226753,76.628,15.172518,14.312675,77.68801
MaughanLibrary,Conventional,2024/7/6,26,0,0,0,1,20,3400,0,0,14.37,0,11.07,6.54,5.09,0,0,0.02,13.189567,11.998391,46.396,15.321389,13.26579,51.776,15.70156,14.226753,76.628,15.172518,14.312675,77.68801
MaughanLibrary,Conventional,2024/7/7,27,0,0,0,1,20,3400,0,0,14.78,0.1,11.07,6.54,5.09,0,0,0.02,13.189567,11.998391,46.396,15.321389,13.26579,51.776,15.70156,14.226753,76.628,15.172518,14.312675,77.68801
MaughanLibrary,Conventional,2024/7/8,28,0,0,0,1,20,3400,0,0,16.12,4.4,11.07,6.54,5.09,0,0,0.02,13.189567,11.998391,46.396,15.321389,13.26579,51.776,15.70156,14.226753,76.628,15.172518,14.312675,77.68801
Nomura11,Extensive,2024/6/13,3,0,0,0,0,45,3765,2377,63.13,13.01,0.5,13.07,9.24,6.29,2.18,14.48,21.81,24.546279,19.685525,46,22.031307,17.983644,47.392,17.738494,17.3307,49.204,14.32346,16.180726,49.204
Nomura11,Extensive,2024/6/14,4,0,0,0,0,45,3765,2377,63.13,13.14,1.63,13.07,9.24,6.29,2.18,14.48,21.81,24.546279,19.685525,46,22.031307,17.983644,47.392,17.738494,17.3307,49.204,14.32346,16.180726,49.204
Nomura11,Extensive,2024/6/16,6,0,0,0,0,45,3765,2377,63.13,12.58,0,13.07,9.24,6.29,2.18,14.48,21.81,24.546279,19.685525,46,22.031307,17.983644,47.392,17.738494,17.3307,49.204,14.32346,16.180726,49.204
Nomura11,Extensive,2024/6/17,7,1,0,0,0,45,3765,2377,63.13,15.51,0,13.07,9.24,6.29,2.18,14.48,21.81,24.546279,19.685525,46,22.031307,17.983644,47.392,17.738494,17.3307,49.204,14.32346,16.180726,49.204
Nomura11,Extensive,2024/6/15,5,0,0,0,0,45,3765,2377,63.13,12.35,0.01,13.07,9.24,6.29,2.18,14.48,21.81,24.546279,19.685525,46,22.031307,17.983644,47.392,17.738494,17.3307,49.204,14.32346,16.180726,49.204
Nomura11,Extensive,2024/6/11,1,0,0,0,0,45,3765,2377,63.13,11.92,0,13.07,9.24,6.29,2.18,14.48,21.81,24.546279,19.685525,46,22.031307,17.983644,47.392,17.738494,17.3307,49.204,14.32346,16.180726,49.204
Nomura11,Extensive,2024/6/12,2,0,0,0,0,45,3765,2377,63.13,13.27,0,13.07,9.24,6.29,2.18,14.48,21.81,24.546279,19.685525,46,22.031307,17.983644,47.392,17.738494,17.3307,49.204,14.32346,16.180726,49.204
Nomura6,Intensive,2024/6/12,2,1,0,0,0,20,2068,734,35.49,12.2,0,13.2,7.48,5.9,21.66,30.1,35.96,19.955487,14.977139,45.832,17.720492,16.82345,46.24,14.243653,16.557054,49.204,12.155443,15.609851,49.204
Nomura6,Intensive,2024/6/11,1,0,0,0,0,20,2068,734,35.49,11.65,0,13.2,7.48,5.9,21.66,30.1,35.96,19.955487,14.977139,45.832,17.720492,16.82345,46.24,14.243653,16.557054,49.204,12.155443,15.609851,49.204
Nomura6,Intensive,2024/6/15,5,0,0,0,0,20,2068,734,35.49,13.42,0.01,13.2,7.48,5.9,21.66,30.1,35.96,19.955487,14.977139,45.832,17.720492,16.82345,46.24,14.243653,16.557054,49.204,12.155443,15.609851,49.204
Nomura6,Intensive,2024/6/16,6,3,0,10,0,20,2068,734,35.49,14.07,0,13.2,7.48,5.9,21.66,30.1,35.96,19.955487,14.977139,45.832,17.720492,16.82345,46.24,14.243653,16.557054,49.204,12.155443,15.609851,49.204
Nomura6,Intensive,2024/6/13,3,0,0,0,0,20,2068,734,35.49,13,0.5,13.2,7.48,5.9,21.66,30.1,35.96,19.955487,14.977139,45.832,17.720492,16.82345,46.24,14.243653,16.557054,49.204,12.155443,15.609851,49.204
Nomura6,Intensive,2024/6/14,4,1,0,0,0,20,2068,734,35.49,12.61,1.63,13.2,7.48,5.9,21.66,30.1,35.96,19.955487,14.977139,45.832,17.720492,16.82345,46.24,14.243653,16.557054,49.204,12.155443,15.609851,49.204
Nomura6,Intensive,2024/6/17,7,1,1,0,0,20,2068,734,35.49,16.73,0,13.2,7.48,5.9,21.66,30.1,35.96,19.955487,14.977139,45.832,17.720492,16.82345,46.24,14.243653,16.557054,49.204,12.155443,15.609851,49.204
RomanWall,Garden,2024/6/18,8,5,0,0,0,0,578,560,96.89,16.59,0,9.19,9.28,9.02,0,0.06,0.62,24.165392,22.108817,61.61,19.249216,21.293682,86.58,17.881419,20.062418,86.58,19.776663,21.314582,94.818
RomanWall,Garden,2024/6/19,9,6,1,0,0,0,578,560,96.89,14.63,0,9.19,9.28,9.02,0,0.06,0.62,24.165392,22.108817,61.61,19.249216,21.293682,86.58,17.881419,20.062418,86.58,19.776663,21.314582,94.818
RomanWall,Garden,2024/6/20,10,17,0,0,0,0,578,560,96.89,16.71,0,9.19,9.28,9.02,0,0.06,0.62,24.165392,22.108817,61.61,19.249216,21.293682,86.58,17.881419,20.062418,86.58,19.776663,21.314582,94.818
RomanWall,Garden,2024/6/21,11,2,0,0,0,0,578,560,96.89,17.19,0,9.19,9.28,9.02,0,0.06,0.62,24.165392,22.108817,61.61,19.249216,21.293682,86.58,17.881419,20.062418,86.58,19.776663,21.314582,94.818
RomanWall,Garden,2024/6/22,12,6,0,0,0,0,578,560,96.89,17.93,0,9.19,9.28,9.02,0,0.06,0.62,24.165392,22.108817,61.61,19.249216,21.293682,86.58,17.881419,20.062418,86.58,19.776663,21.314582,94.818
RomanWall,Garden,2024/6/23,13,14,0,1,0,0,578,560,96.89,20.59,0,9.19,9.28,9.02,0,0.06,0.62,24.165392,22.108817,61.61,19.249216,21.293682,86.58,17.881419,20.062418,86.58,19.776663,21.314582,94.818
RomanWall,Garden,2024/6/24,14,12,0,0,0,0,578,560,96.89,21.66,0,9.19,9.28,9.02,0,0.06,0.62,24.165392,22.108817,61.61,19.249216,21.293682,86.58,17.881419,20.062418,86.58,19.776663,21.314582,94.818
SeethingLn,Garden,2024/6/11,1,3,0,0,0,0,1279,770,60.2,13.11,0,5.77,8.31,8.39,0,0,0,15.411488,14.155433,40.156,14.943364,14.356654,53.68262,14.762949,16.630712,67.056,14.943886,16.826414,74.82301
SeethingLn,Garden,2024/6/12,2,1,0,0,0,0,1279,770,60.2,14.72,0,5.77,8.31,8.39,0,0,0,15.411488,14.155433,40.156,14.943364,14.356654,53.68262,14.762949,16.630712,67.056,14.943886,16.826414,74.82301
SeethingLn,Garden,2024/6/13,3,1,0,0,0,0,1279,770,60.2,13.98,0.5,5.77,8.31,8.39,0,0,0,15.411488,14.155433,40.156,14.943364,14.356654,53.68262,14.762949,16.630712,67.056,14.943886,16.826414,74.82301
SeethingLn,Garden,2024/6/14,4,2,0,0,0,0,1279,770,60.2,14,1.63,5.77,8.31,8.39,0,0,0,15.411488,14.155433,40.156,14.943364,14.356654,53.68262,14.762949,16.630712,67.056,14.943886,16.826414,74.82301
SeethingLn,Garden,2024/6/15,5,1,0,0,0,0,1279,770,60.2,14.45,0.01,5.77,8.31,8.39,0,0,0,15.411488,14.155433,40.156,14.943364,14.356654,53.68262,14.762949,16.630712,67.056,14.943886,16.826414,74.82301
SeethingLn,Garden,2024/6/16,6,0,0,0,0,0,1279,770,60.2,15.96,0,5.77,8.31,8.39,0,0,0,15.411488,14.155433,40.156,14.943364,14.356654,53.68262,14.762949,16.630712,67.056,14.943886,16.826414,74.82301
SeethingLn,Garden,2024/6/17,7,1,0,0,0,0,1279,770,60.2,19.14,0,5.77,8.31,8.39,0,0,0,15.411488,14.155433,40.156,14.943364,14.356654,53.68262,14.762949,16.630712,67.056,14.943886,16.826414,74.82301
StBoltolph,Garden,2024/6/25,15,3,0,0,0,0,3258,1683,51.66,22.45,0,6.75,3.45,2.73,0,0,0,9.790163,16.932721,75.93749,22.24066,42.333476,202.36102,25.756867,43.350959,202.36102,23.96659,35.741257,202.36102
StBoltolph,Garden,2024/6/26,16,2,0,0,0,0,3258,1683,51.66,24.69,0,6.75,3.45,2.73,0,0,0,9.790163,16.932721,75.93749,22.24066,42.333476,202.36102,25.756867,43.350959,202.36102,23.96659,35.741257,202.36102
StBoltolph,Garden,2024/6/27,17,0,0,0,0,0,3258,1683,51.66,17.8,0,6.75,3.45,2.73,0,0,0,9.790163,16.932721,75.93749,22.24066,42.333476,202.36102,25.756867,43.350959,202.36102,23.96659,35.741257,202.36102
StBoltolph,Garden,2024/6/28,18,0,0,0,0,0,3258,1683,51.66,18.22,0,6.75,3.45,2.73,0,0,0,9.790163,16.932721,75.93749,22.24066,42.333476,202.36102,25.756867,43.350959,202.36102,23.96659,35.741257,202.36102
StBoltolph,Garden,2024/6/29,19,65,3,1,0,0,3258,1683,51.66,21.85,0,6.75,3.45,2.73,0,0,0,9.790163,16.932721,75.93749,22.24066,42.333476,202.36102,25.756867,43.350959,202.36102,23.96659,35.741257,202.36102
StBoltolph,Garden,2024/6/30,20,0,0,0,0,0,3258,1683,51.66,17.37,0,6.75,3.45,2.73,0,0,0,9.790163,16.932721,75.93749,22.24066,42.333476,202.36102,25.756867,43.350959,202.36102,23.96659,35.741257,202.36102
StBoltolph,Garden,2024/7/1,21,0,0,0,0,0,3258,1683,51.66,18.23,0,6.75,3.45,2.73,0,0,0,9.790163,16.932721,75.93749,22.24066,42.333476,202.36102,25.756867,43.350959,202.36102,23.96659,35.741257,202.36102
StDusten,Garden,2024/6/16,6,171,88,0,0,0,1687,1502,89.03,16.81,0,4.62,4.89,3.63,0,1.81,8.75,14.220804,12.129668,41.073,13.321038,13.230857,47.089,13.729848,14.488228,145.65401,17.067469,23.04459,160.122
StDusten,Garden,2024/6/17,7,181,295,0,0,0,1687,1502,89.03,19.62,0,4.62,4.89,3.63,0,1.81,8.75,14.220804,12.129668,41.073,13.321038,13.230857,47.089,13.729848,14.488228,145.65401,17.067469,23.04459,160.122
StDusten,Garden,2024/6/12,2,37,80,1,0,0,1687,1502,89.03,15.14,0,4.62,4.89,3.63,0,1.81,8.75,14.220804,12.129668,41.073,13.321038,13.230857,47.089,13.729848,14.488228,145.65401,17.067469,23.04459,160.122
StDusten,Garden,2024/6/13,3,71,44,0,0,0,1687,1502,89.03,14.48,0.5,4.62,4.89,3.63,0,1.81,8.75,14.220804,12.129668,41.073,13.321038,13.230857,47.089,13.729848,14.488228,145.65401,17.067469,23.04459,160.122
StDusten,Garden,2024/6/14,4,59,35,0,0,0,1687,1502,89.03,15.34,1.63,4.62,4.89,3.63,0,1.81,8.75,14.220804,12.129668,41.073,13.321038,13.230857,47.089,13.729848,14.488228,145.65401,17.067469,23.04459,160.122
StDusten,Garden,2024/6/11,1,242,210,0,0,0,1687,1502,89.03,14.21,0,4.62,4.89,3.63,0,1.81,8.75,14.220804,12.129668,41.073,13.321038,13.230857,47.089,13.729848,14.488228,145.65401,17.067469,23.04459,160.122
StDusten,Garden,2024/6/15,5,82,52,0,0,0,1687,1502,89.03,14.81,0.01,4.62,4.89,3.63,0,1.81,8.75,14.220804,12.129668,41.073,13.321038,13.230857,47.089,13.729848,14.488228,145.65401,17.067469,23.04459,160.122
Walbrook,Conventional,2024/6/13,3,0,0,0,0,20,516,0,0,12.87,0.5,8.08,8.26,6.19,0,5.11,11.44,12.063514,10.700668,47.484,17.007737,14.071806,49.204,16.190552,14.50462,49.204,15.545738,14.928708,50.47716
Walbrook,Conventional,2024/6/14,4,1,0,0,0,20,516,0,0,12.94,1.63,8.08,8.26,6.19,0,5.11,11.44,12.063514,10.700668,47.484,17.007737,14.071806,49.204,16.190552,14.50462,49.204,15.545738,14.928708,50.47716
Walbrook,Conventional,2024/6/15,5,0,0,0,0,20,516,0,0,13.47,0.01,8.08,8.26,6.19,0,5.11,11.44,12.063514,10.700668,47.484,17.007737,14.071806,49.204,16.190552,14.50462,49.204,15.545738,14.928708,50.47716
Walbrook,Conventional,2024/6/17,7,0,0,0,0,20,516,0,0,17.83,0,8.08,8.26,6.19,0,5.11,11.44,12.063514,10.700668,47.484,17.007737,14.071806,49.204,16.190552,14.50462,49.204,15.545738,14.928708,50.47716
Walbrook,Conventional,2024/6/12,2,1,0,0,0,20,516,0,0,13.06,0,8.08,8.26,6.19,0,5.11,11.44,12.063514,10.700668,47.484,17.007737,14.071806,49.204,16.190552,14.50462,49.204,15.545738,14.928708,50.47716
Walbrook,Conventional,2024/6/16,6,5,0,0,0,20,516,0,0,14.47,0,8.08,8.26,6.19,0,5.11,11.44,12.063514,10.700668,47.484,17.007737,14.071806,49.204,16.190552,14.50462,49.204,15.545738,14.928708,50.47716
Walbrook,Conventional,2024/6/11,1,0,0,0,0,20,516,0,0,11.49,0,8.08,8.26,6.19,0,5.11,11.44,12.063514,10.700668,47.484,17.007737,14.071806,49.204,16.190552,14.50462,49.204,15.545738,14.928708,50.47716